{"zh-cn":{"hash":"e68a839e61854ec9eb69afc0f7bd3a7c","extensions":[{"extensionIdentifier":{"id":"ms-ceintl.vscode-language-pack-zh-hans","uuid":"e4ee7751-6514-4731-9cdb-7580ffa9e70b"},"version":"1.46.3"}],"translations":{"vscode":"/home/qiangxinbo/.vscode-server/extensions/ms-ceintl.vscode-language-pack-zh-hans-1.46.3/translations/main.i18n.json","vscode.bat":"/home/qiangxinbo/.vscode-server/extensions/ms-ceintl.vscode-language-pack-zh-hans-1.46.3/translations/extensions/bat.i18n.json","vscode.clojure":"/home/qiangxinbo/.vscode-server/extensions/ms-ceintl.vscode-language-pack-zh-hans-1.46.3/translations/extensions/clojure.i18n.json","vscode.coffeescript":"/home/qiangxinbo/.vscode-server/extensions/ms-ceintl.vscode-language-pack-zh-hans-1.46.3/translations/extensions/coffeescript.i18n.json","vscode.configuration-editing":"/home/qiangxinbo/.vscode-server/extensions/ms-ceintl.vscode-language-pack-zh-hans-1.46.3/translations/extensions/configuration-editing.i18n.json","vscode.cpp":"/home/qiangxinbo/.vscode-server/extensions/ms-ceintl.vscode-language-pack-zh-hans-1.46.3/translations/extensions/cpp.i18n.json","vscode.csharp":"/home/qiangxinbo/.vscode-server/extensions/ms-ceintl.vscode-language-pack-zh-hans-1.46.3/translations/extensions/csharp.i18n.json","vscode.css-language-features":"/home/qiangxinbo/.vscode-server/extensions/ms-ceintl.vscode-language-pack-zh-hans-1.46.3/translations/extensions/css-language-features.i18n.json","vscode.css":"/home/qiangxinbo/.vscode-server/extensions/ms-ceintl.vscode-language-pack-zh-hans-1.46.3/translations/extensions/css.i18n.json","vscode.debug-auto-launch":"/home/qiangxinbo/.vscode-server/extensions/ms-ceintl.vscode-language-pack-zh-hans-1.46.3/translations/extensions/debug-auto-launch.i18n.json","vscode.debug-server-ready":"/home/qiangxinbo/.vscode-server/extensions/ms-ceintl.vscode-language-pack-zh-hans-1.46.3/translations/extensions/debug-server-ready.i18n.json","vscode.docker":"/home/qiangxinbo/.vscode-server/extensions/ms-ceintl.vscode-language-pack-zh-hans-1.46.3/translations/extensions/docker.i18n.json","vscode.emmet":"/home/qiangxinbo/.vscode-server/extensions/ms-ceintl.vscode-language-pack-zh-hans-1.46.3/translations/extensions/emmet.i18n.json","vscode.extension-editing":"/home/qiangxinbo/.vscode-server/extensions/ms-ceintl.vscode-language-pack-zh-hans-1.46.3/translations/extensions/extension-editing.i18n.json","vscode.fsharp":"/home/qiangxinbo/.vscode-server/extensions/ms-ceintl.vscode-language-pack-zh-hans-1.46.3/translations/extensions/fsharp.i18n.json","vscode.git-ui":"/home/qiangxinbo/.vscode-server/extensions/ms-ceintl.vscode-language-pack-zh-hans-1.46.3/translations/extensions/git-ui.i18n.json","vscode.git":"/home/qiangxinbo/.vscode-server/extensions/ms-ceintl.vscode-language-pack-zh-hans-1.46.3/translations/extensions/git.i18n.json","vscode.github-authentication":"/home/qiangxinbo/.vscode-server/extensions/ms-ceintl.vscode-language-pack-zh-hans-1.46.3/translations/extensions/github-authentication.i18n.json","vscode.github":"/home/qiangxinbo/.vscode-server/extensions/ms-ceintl.vscode-language-pack-zh-hans-1.46.3/translations/extensions/github.i18n.json","vscode.go":"/home/qiangxinbo/.vscode-server/extensions/ms-ceintl.vscode-language-pack-zh-hans-1.46.3/translations/extensions/go.i18n.json","vscode.groovy":"/home/qiangxinbo/.vscode-server/extensions/ms-ceintl.vscode-language-pack-zh-hans-1.46.3/translations/extensions/groovy.i18n.json","vscode.grunt":"/home/qiangxinbo/.vscode-server/extensions/ms-ceintl.vscode-language-pack-zh-hans-1.46.3/translations/extensions/grunt.i18n.json","vscode.gulp":"/home/qiangxinbo/.vscode-server/extensions/ms-ceintl.vscode-language-pack-zh-hans-1.46.3/translations/extensions/gulp.i18n.json","vscode.handlebars":"/home/qiangxinbo/.vscode-server/extensions/ms-ceintl.vscode-language-pack-zh-hans-1.46.3/translations/extensions/handlebars.i18n.json","vscode.hlsl":"/home/qiangxinbo/.vscode-server/extensions/ms-ceintl.vscode-language-pack-zh-hans-1.46.3/translations/extensions/hlsl.i18n.json","vscode.html-language-features":"/home/qiangxinbo/.vscode-server/extensions/ms-ceintl.vscode-language-pack-zh-hans-1.46.3/translations/extensions/html-language-features.i18n.json","vscode.html":"/home/qiangxinbo/.vscode-server/extensions/ms-ceintl.vscode-language-pack-zh-hans-1.46.3/translations/extensions/html.i18n.json","vscode.image-preview":"/home/qiangxinbo/.vscode-server/extensions/ms-ceintl.vscode-language-pack-zh-hans-1.46.3/translations/extensions/image-preview.i18n.json","vscode.ini":"/home/qiangxinbo/.vscode-server/extensions/ms-ceintl.vscode-language-pack-zh-hans-1.46.3/translations/extensions/ini.i18n.json","vscode.jake":"/home/qiangxinbo/.vscode-server/extensions/ms-ceintl.vscode-language-pack-zh-hans-1.46.3/translations/extensions/jake.i18n.json","vscode.java":"/home/qiangxinbo/.vscode-server/extensions/ms-ceintl.vscode-language-pack-zh-hans-1.46.3/translations/extensions/java.i18n.json","vscode.javascript":"/home/qiangxinbo/.vscode-server/extensions/ms-ceintl.vscode-language-pack-zh-hans-1.46.3/translations/extensions/javascript.i18n.json","vscode.json-language-features":"/home/qiangxinbo/.vscode-server/extensions/ms-ceintl.vscode-language-pack-zh-hans-1.46.3/translations/extensions/json-language-features.i18n.json","vscode.json":"/home/qiangxinbo/.vscode-server/extensions/ms-ceintl.vscode-language-pack-zh-hans-1.46.3/translations/extensions/json.i18n.json","vscode.less":"/home/qiangxinbo/.vscode-server/extensions/ms-ceintl.vscode-language-pack-zh-hans-1.46.3/translations/extensions/less.i18n.json","vscode.log":"/home/qiangxinbo/.vscode-server/extensions/ms-ceintl.vscode-language-pack-zh-hans-1.46.3/translations/extensions/log.i18n.json","vscode.lua":"/home/qiangxinbo/.vscode-server/extensions/ms-ceintl.vscode-language-pack-zh-hans-1.46.3/translations/extensions/lua.i18n.json","vscode.make":"/home/qiangxinbo/.vscode-server/extensions/ms-ceintl.vscode-language-pack-zh-hans-1.46.3/translations/extensions/make.i18n.json","vscode.markdown-basics":"/home/qiangxinbo/.vscode-server/extensions/ms-ceintl.vscode-language-pack-zh-hans-1.46.3/translations/extensions/markdown-basics.i18n.json","vscode.markdown-language-features":"/home/qiangxinbo/.vscode-server/extensions/ms-ceintl.vscode-language-pack-zh-hans-1.46.3/translations/extensions/markdown-language-features.i18n.json","vscode.merge-conflict":"/home/qiangxinbo/.vscode-server/extensions/ms-ceintl.vscode-language-pack-zh-hans-1.46.3/translations/extensions/merge-conflict.i18n.json","vscode.microsoft-authentication":"/home/qiangxinbo/.vscode-server/extensions/ms-ceintl.vscode-language-pack-zh-hans-1.46.3/translations/extensions/microsoft-authentication.i18n.json","vscode.ms-vscode.js-debug-nightly":"/home/qiangxinbo/.vscode-server/extensions/ms-ceintl.vscode-language-pack-zh-hans-1.46.3/translations/extensions/ms-vscode.js-debug-nightly.i18n.json","vscode.ms-vscode.node-debug":"/home/qiangxinbo/.vscode-server/extensions/ms-ceintl.vscode-language-pack-zh-hans-1.46.3/translations/extensions/ms-vscode.node-debug.i18n.json","vscode.ms-vscode.node-debug2":"/home/qiangxinbo/.vscode-server/extensions/ms-ceintl.vscode-language-pack-zh-hans-1.46.3/translations/extensions/ms-vscode.node-debug2.i18n.json","vscode.npm":"/home/qiangxinbo/.vscode-server/extensions/ms-ceintl.vscode-language-pack-zh-hans-1.46.3/translations/extensions/npm.i18n.json","vscode.objective-c":"/home/qiangxinbo/.vscode-server/extensions/ms-ceintl.vscode-language-pack-zh-hans-1.46.3/translations/extensions/objective-c.i18n.json","vscode.perl":"/home/qiangxinbo/.vscode-server/extensions/ms-ceintl.vscode-language-pack-zh-hans-1.46.3/translations/extensions/perl.i18n.json","vscode.php-language-features":"/home/qiangxinbo/.vscode-server/extensions/ms-ceintl.vscode-language-pack-zh-hans-1.46.3/translations/extensions/php-language-features.i18n.json","vscode.php":"/home/qiangxinbo/.vscode-server/extensions/ms-ceintl.vscode-language-pack-zh-hans-1.46.3/translations/extensions/php.i18n.json","vscode.powershell":"/home/qiangxinbo/.vscode-server/extensions/ms-ceintl.vscode-language-pack-zh-hans-1.46.3/translations/extensions/powershell.i18n.json","vscode.pug":"/home/qiangxinbo/.vscode-server/extensions/ms-ceintl.vscode-language-pack-zh-hans-1.46.3/translations/extensions/pug.i18n.json","vscode.python":"/home/qiangxinbo/.vscode-server/extensions/ms-ceintl.vscode-language-pack-zh-hans-1.46.3/translations/extensions/python.i18n.json","vscode.r":"/home/qiangxinbo/.vscode-server/extensions/ms-ceintl.vscode-language-pack-zh-hans-1.46.3/translations/extensions/r.i18n.json","vscode.razor":"/home/qiangxinbo/.vscode-server/extensions/ms-ceintl.vscode-language-pack-zh-hans-1.46.3/translations/extensions/razor.i18n.json","vscode.ruby":"/home/qiangxinbo/.vscode-server/extensions/ms-ceintl.vscode-language-pack-zh-hans-1.46.3/translations/extensions/ruby.i18n.json","vscode.rust":"/home/qiangxinbo/.vscode-server/extensions/ms-ceintl.vscode-language-pack-zh-hans-1.46.3/translations/extensions/rust.i18n.json","vscode.scss":"/home/qiangxinbo/.vscode-server/extensions/ms-ceintl.vscode-language-pack-zh-hans-1.46.3/translations/extensions/scss.i18n.json","vscode.search-result":"/home/qiangxinbo/.vscode-server/extensions/ms-ceintl.vscode-language-pack-zh-hans-1.46.3/translations/extensions/search-result.i18n.json","vscode.shaderlab":"/home/qiangxinbo/.vscode-server/extensions/ms-ceintl.vscode-language-pack-zh-hans-1.46.3/translations/extensions/shaderlab.i18n.json","vscode.shellscript":"/home/qiangxinbo/.vscode-server/extensions/ms-ceintl.vscode-language-pack-zh-hans-1.46.3/translations/extensions/shellscript.i18n.json","vscode.sql":"/home/qiangxinbo/.vscode-server/extensions/ms-ceintl.vscode-language-pack-zh-hans-1.46.3/translations/extensions/sql.i18n.json","vscode.swift":"/home/qiangxinbo/.vscode-server/extensions/ms-ceintl.vscode-language-pack-zh-hans-1.46.3/translations/extensions/swift.i18n.json","vscode.theme-abyss":"/home/qiangxinbo/.vscode-server/extensions/ms-ceintl.vscode-language-pack-zh-hans-1.46.3/translations/extensions/theme-abyss.i18n.json","vscode.theme-defaults":"/home/qiangxinbo/.vscode-server/extensions/ms-ceintl.vscode-language-pack-zh-hans-1.46.3/translations/extensions/theme-defaults.i18n.json","vscode.theme-kimbie-dark":"/home/qiangxinbo/.vscode-server/extensions/ms-ceintl.vscode-language-pack-zh-hans-1.46.3/translations/extensions/theme-kimbie-dark.i18n.json","vscode.theme-monokai-dimmed":"/home/qiangxinbo/.vscode-server/extensions/ms-ceintl.vscode-language-pack-zh-hans-1.46.3/translations/extensions/theme-monokai-dimmed.i18n.json","vscode.theme-monokai":"/home/qiangxinbo/.vscode-server/extensions/ms-ceintl.vscode-language-pack-zh-hans-1.46.3/translations/extensions/theme-monokai.i18n.json","vscode.theme-quietlight":"/home/qiangxinbo/.vscode-server/extensions/ms-ceintl.vscode-language-pack-zh-hans-1.46.3/translations/extensions/theme-quietlight.i18n.json","vscode.theme-red":"/home/qiangxinbo/.vscode-server/extensions/ms-ceintl.vscode-language-pack-zh-hans-1.46.3/translations/extensions/theme-red.i18n.json","vscode.theme-seti":"/home/qiangxinbo/.vscode-server/extensions/ms-ceintl.vscode-language-pack-zh-hans-1.46.3/translations/extensions/theme-seti.i18n.json","vscode.theme-solarized-dark":"/home/qiangxinbo/.vscode-server/extensions/ms-ceintl.vscode-language-pack-zh-hans-1.46.3/translations/extensions/theme-solarized-dark.i18n.json","vscode.theme-solarized-light":"/home/qiangxinbo/.vscode-server/extensions/ms-ceintl.vscode-language-pack-zh-hans-1.46.3/translations/extensions/theme-solarized-light.i18n.json","vscode.theme-tomorrow-night-blue":"/home/qiangxinbo/.vscode-server/extensions/ms-ceintl.vscode-language-pack-zh-hans-1.46.3/translations/extensions/theme-tomorrow-night-blue.i18n.json","vscode.typescript-basics":"/home/qiangxinbo/.vscode-server/extensions/ms-ceintl.vscode-language-pack-zh-hans-1.46.3/translations/extensions/typescript-basics.i18n.json","vscode.typescript-language-features":"/home/qiangxinbo/.vscode-server/extensions/ms-ceintl.vscode-language-pack-zh-hans-1.46.3/translations/extensions/typescript-language-features.i18n.json","vscode.vb":"/home/qiangxinbo/.vscode-server/extensions/ms-ceintl.vscode-language-pack-zh-hans-1.46.3/translations/extensions/vb.i18n.json","vscode.vscode-chrome-debug-core":"/home/qiangxinbo/.vscode-server/extensions/ms-ceintl.vscode-language-pack-zh-hans-1.46.3/translations/extensions/vscode-chrome-debug-core.i18n.json","ms-vscode.node-debug":"/home/qiangxinbo/.vscode-server/extensions/ms-ceintl.vscode-language-pack-zh-hans-1.46.3/translations/extensions/vscode-node-debug.i18n.json","ms-vscode.node-debug2":"/home/qiangxinbo/.vscode-server/extensions/ms-ceintl.vscode-language-pack-zh-hans-1.46.3/translations/extensions/vscode-node-debug2.i18n.json","vscode.xml":"/home/qiangxinbo/.vscode-server/extensions/ms-ceintl.vscode-language-pack-zh-hans-1.46.3/translations/extensions/xml.i18n.json","vscode.yaml":"/home/qiangxinbo/.vscode-server/extensions/ms-ceintl.vscode-language-pack-zh-hans-1.46.3/translations/extensions/yaml.i18n.json"}}}